region_name,region_type,region_id,color
VISpm6b,allen_ccf,469,#08858C
ENTl,allen_ccf,918,#32B825
IMD,allen_ccf,59,#FF909F
PAR,allen_ccf,843,#72D569
RSPd6b,allen_ccf,330,#1AA698
SSp-bfd,allen_ccf,329,#188064
IVn,allen_ccf,911,#CCCCCC
ECU,allen_ccf,903,#FFA5D2
MBO,allen_ccf,331,#FF4C3E
ACAd,allen_ccf,39,#40A666
lfbs,allen_ccf,983,#CCCCCC
AVP,allen_ccf,263,#FF5547
ENTl6a,allen_ccf,28,#32B825
VISl6b,allen_ccf,121,#08858C
PERI1,allen_ccf,540,#0E9684
ccs,allen_ccf,986,#CCCCCC
LGd-ip,allen_ccf,496345672,#FF8084
ANcr1,allen_ccf,1056,#FFFC91
FS,allen_ccf,998,#80CDF8
OLF,allen_ccf,698,#9AD2BD
fr,allen_ccf,595,#CCCCCC
RSPagl5,allen_ccf,774,#1AA698
mtt,allen_ccf,690,#CCCCCC
TTv,allen_ccf,605,#62D09F
SSp-bfd,allen_ccf,329,#188064
HY,allen_ccf,1097,#E64438
och,allen_ccf,117,#CCCCCC
PALm,allen_ccf,826,#96A7D3
DEC,allen_ccf,936,#FFFC91
SS,allen_ccf,453,#188064
ATN,allen_ccf,239,#FF909F
PH,allen_ccf,946,#FF4C3E
VISp,allen_ccf,385,#08858C
SIM,allen_ccf,1007,#FFFC91
CNU,allen_ccf,623,#98D6F9
VISp,allen_ccf,385,#08858C
LGd-sh,allen_ccf,496345664,#FF8084
ECT,allen_ccf,895,#0D9F91
RSPv1,allen_ccf,542,#1AA698
AIv1,allen_ccf,704,#219866
PVZ,allen_ccf,157,#FF5D50
AUDd,allen_ccf,1011,#019399
ACAd,allen_ccf,39,#40A666
ILA,allen_ccf,44,#59B363
PAS,allen_ccf,859,#FFB3D9
BLAp,allen_ccf,311,#9DE79C
PL5,allen_ccf,363,#2FA850
VMPO,allen_ccf,576073699,#FF5547
ENTm,allen_ccf,926,#32B825
ORBl,allen_ccf,723,#248A5E
VISpm6a,allen_ccf,257,#08858C
Eth,allen_ccf,560581551,#FF909F
IAD,allen_ccf,1113,#FF909F
LSr,allen_ccf,258,#90CBED
VISam,allen_ccf,394,#08858C
PCN,allen_ccf,907,#FF909F
RSPd6a,allen_ccf,274,#1AA698
MBsta,allen_ccf,348,#FF90FF
VTA,allen_ccf,749,#FF90FF
SF,allen_ccf,310,#90CBED
VISl6a,allen_ccf,74,#08858C
FOTU,allen_ccf,944,#FFFC91
TMv,allen_ccf,1,#FF4C3E
ccg,allen_ccf,1108,#CCCCCC
AUDd5,allen_ccf,252,#019399
cbc,allen_ccf,744,#CCCCCC
AMBd,allen_ccf,939,#FFB3D9
ANcr2,allen_ccf,1064,#FFFC91
fp,allen_ccf,971,#CCCCCC
SSp-m,allen_ccf,345,#188064
VERM,allen_ccf,645,#FFFC91
DN,allen_ccf,846,#FFFDBC
GU,allen_ccf,1057,#009C75
FF,allen_ccf,804,#F2483B
AOBgl,allen_ccf,188,#9DF0D2
onl,allen_ccf,1016,#CCCCCC
ACAv1,allen_ccf,588,#40A666
cing,allen_ccf,940,#CCCCCC
HEM,allen_ccf,1073,#FFFC91
AUDp1,allen_ccf,735,#019399
CTX,allen_ccf,688,#B0FFB8
mlf,allen_ccf,62,#CCCCCC
SEZ,allen_ccf,98,#AAAAAA
AUDd4,allen_ccf,678,#019399
RT,allen_ccf,262,#FF909F
CLI,allen_ccf,591,#FFA6FF
SG,allen_ccf,318,#FFBA86
SubG,allen_ccf,321,#FF909F
AUDp,allen_ccf,1002,#019399
LGv,allen_ccf,178,#FF909F
MOs,allen_ccf,993,#1F9D5A
PAG,allen_ccf,795,#FF90FF
RSPd,allen_ccf,879,#1AA698
POL,allen_ccf,1029,#FF909F
SSp-ul,allen_ccf,369,#188064
PMd,allen_ccf,980,#FF4C3E
Pa5,allen_ccf,589508451,#FFA5D2
VISrl,allen_ccf,417,#009FAC
VPMpc,allen_ccf,741,#FF8084
ENT,allen_ccf,909,#32B825
PYR,allen_ccf,951,#FFFC91
LIN,allen_ccf,203,#FFB3D9
PO,allen_ccf,1020,#FF909F
st,allen_ccf,301,#CCCCCC
vtd,allen_ccf,397,#CCCCCC
MA3,allen_ccf,549009211,#FF90FF
COA,allen_ccf,631,#61E7B7
dhc,allen_ccf,443,#CCCCCC
TMd,allen_ccf,1126,#FF4C3E
ccb,allen_ccf,484682516,#CCCCCC
AMBv,allen_ccf,143,#FFB3D9
cbf,allen_ccf,960,#CCCCCC
ACAv5,allen_ccf,772,#40A666
von,allen_ccf,949,#CCCCCC
SSs,allen_ccf,378,#188064
AUDp5,allen_ccf,847,#019399
VIIn,allen_ccf,798,#CCCCCC
NLOT1,allen_ccf,260,#95E4C8
SCsg,allen_ccf,842,#FF7AFF
FC,allen_ccf,982,#7ED04B
MY-sat,allen_ccf,379,#FFC6E2
ACA,allen_ccf,31,#40A666
AUDp4,allen_ccf,816,#019399
AOB,allen_ccf,151,#9DF0D2
CUN,allen_ccf,616,#FF90FF
SSp-un,allen_ccf,182305689,#188064
AUDd1,allen_ccf,527,#019399
MMp,allen_ccf,606826655,#FF4C3E
rust,allen_ccf,863,#CCCCCC
cbp,allen_ccf,752,#CCCCCC
py,allen_ccf,190,#CCCCCC
VISa,allen_ccf,312782546,#009FAC
PN,allen_ccf,607344830,#FF90FF
nst,allen_ccf,102,#CCCCCC
pyd,allen_ccf,198,#CCCCCC
RCH,allen_ccf,173,#F2483B
LGd,allen_ccf,170,#FF8084
LSv,allen_ccf,266,#90CBED
BLAa,allen_ccf,303,#9DE79C
SPIV,allen_ccf,225,#FFB3D9
Pa4,allen_ccf,606826663,#FF90FF
BLAv,allen_ccf,451,#9DE79C
PMv,allen_ccf,1004,#FF4C3E
ORBl6b,allen_ccf,488,#248A5E
PL1,allen_ccf,171,#2FA850
AIv,allen_ccf,119,#219866
LSc,allen_ccf,250,#90CBED
LPO,allen_ccf,226,#F2483B
PVi,allen_ccf,118,#FF5D50
RSPv5,allen_ccf,687,#1AA698
AIv5,allen_ccf,800,#219866
ACAv,allen_ccf,48,#40A666
PL,allen_ccf,972,#2FA850
VISC,allen_ccf,677,#11AD83
SSs,allen_ccf,378,#188064
SSp,allen_ccf,322,#188064
In,allen_ccf,840,#CCCCCC
CUL,allen_ccf,928,#FFFC91
VISpm,allen_ccf,533,#08858C
NLOT2,allen_ccf,268,#95E4C8
KF,allen_ccf,123,#FFAE6F
RSPagl1,allen_ccf,671,#1AA698
em,allen_ccf,1092,#CCCCCC
mtg,allen_ccf,681,#CCCCCC
act,allen_ccf,908,#CCCCCC
GR,allen_ccf,1039,#FFA5D2
cett,allen_ccf,932,#CCCCCC
fa,allen_ccf,956,#CCCCCC
ACB,allen_ccf,56,#80CDF8
IPRL,allen_ccf,607344862,#FFA6FF
VCO,allen_ccf,101,#FFA5D2
PTLp,allen_ccf,22,#009FAC
TTd,allen_ccf,597,#62D09F
NLOT3,allen_ccf,1139,#95E4C8
VISpl,allen_ccf,425,#08858C
IO,allen_ccf,83,#FFB3D9
Isocortex,allen_ccf,315,#70FF71
PERI5,allen_ccf,692,#0E9684
MMd,allen_ccf,606826659,#FF4C3E
AUDv,allen_ccf,1018,#019399
RE,allen_ccf,181,#FF909F
CEAc,allen_ccf,544,#80C0E2
sV,allen_ccf,229,#CCCCCC
pm,allen_ccf,753,#CCCCCC
RR,allen_ccf,246,#FF90FF
bic,allen_ccf,482,#CCCCCC
PVH,allen_ccf,38,#FF5D50
AUDv,allen_ccf,1018,#019399
PAA,allen_ccf,788,#59DAAB
SPFm,allen_ccf,414,#FF8084
VISpor,allen_ccf,312782628,#08858C
ORBl6a,allen_ccf,440,#248A5E
CENT3,allen_ccf,984,#FFFC91
ENTm5,allen_ccf,727,#32B825
ENTl1,allen_ccf,1121,#32B825
PRP,allen_ccf,169,#FFB3D9
FRP6b,allen_ccf,526322264,#268F45
PST,allen_ccf,356,#F2483B
MOp5,allen_ccf,648,#1F9D5A
tb,allen_ccf,841,#CCCCCC
SLC,allen_ccf,350,#FFC395
uf,allen_ccf,850,#CCCCCC
TU,allen_ccf,614,#F2483B
ACVII,allen_ccf,576,#FFB3D9
VISpl,allen_ccf,425,#08858C
SSp-un6a,allen_ccf,182305709,#188064
AUDpo,allen_ccf,1027,#019399
ACAd5,allen_ccf,1015,#40A666
AVPV,allen_ccf,272,#FF5547
VISa4,allen_ccf,312782558,#009FAC
ZI,allen_ccf,797,#F2483B
VISpl5,allen_ccf,902,#08858C
LD,allen_ccf,155,#FF909F
VISpl6a,allen_ccf,377,#08858C
VISpm1,allen_ccf,805,#08858C
SUV,allen_ccf,217,#FFB3D9
tsp,allen_ccf,877,#CCCCCC
LS,allen_ccf,242,#90CBED
STR,allen_ccf,477,#98D6F9
y,allen_ccf,781,#FFB3D9
AT,allen_ccf,231,#FF90FF
Acs5,allen_ccf,549009219,#FFBA86
x,allen_ccf,765,#FFB3D9
AIv6a,allen_ccf,675,#219866
MY-sen,allen_ccf,386,#FFA5D2
SSp-ul6b,allen_ccf,1026,#188064
MV,allen_ccf,202,#FFB3D9
AIp,allen_ccf,111,#219866
MA,allen_ccf,298,#A2B1D8
AUDv1,allen_ccf,959,#019399
VISpl4,allen_ccf,869,#08858C
POST,allen_ccf,1037,#48C83C
SCm,allen_ccf,294,#FF90FF
VISa5,allen_ccf,312782562,#009FAC
ORB,allen_ccf,714,#248A5E
VENT,allen_ccf,637,#FF8084
ECT5,allen_ccf,988,#0D9F91
TT,allen_ccf,589,#62D09F
APr,allen_ccf,484682508,#33B932
ORBvl5,allen_ccf,1125,#248A5E
MGv,allen_ccf,1079,#FF8084
VISli6a,allen_ccf,312782594,#08858C
CTXpl,allen_ccf,695,#70FF70
PGRNd,allen_ccf,970,#FFB3D9
NTB,allen_ccf,642,#FFA5D2
IPL,allen_ccf,607344846,#FFA6FF
PPN,allen_ccf,1052,#FFA6FF
PPY,allen_ccf,1069,#FFB3D9
LAV,allen_ccf,209,#FFB3D9
PGRN,allen_ccf,938,#FFB3D9
RSPv2,allen_ccf,606,#1AA698
IIn,allen_ccf,848,#CCCCCC
EPv,allen_ccf,966,#A0EE9D
PIL,allen_ccf,560581563,#FF909F
ACAd6b,allen_ccf,927,#40A666
AUDp6a,allen_ccf,954,#019399
CENT2,allen_ccf,976,#FFFC91
ENTl2,allen_ccf,20,#32B825
ENTm6,allen_ccf,743,#32B825
AId5,allen_ccf,1101,#219866
VISpor4,allen_ccf,312782640,#08858C
RSPd5,allen_ccf,610,#1AA698
DORsm,allen_ccf,864,#FF8084
LAT,allen_ccf,138,#FF909F
FRP6a,allen_ccf,526157196,#268F45
DG-mo,allen_ccf,10703,#7ED04B
SSp-un4,allen_ccf,182305701,#188064
IPN,allen_ccf,100,#FFA6FF
SSp-n5,allen_ccf,702,#188064
cVIIIn,allen_ccf,948,#CCCCCC
smd,allen_ccf,341,#CCCCCC
VISrl4,allen_ccf,312782612,#009FAC
VI,allen_ccf,653,#FFB3D9
SAG,allen_ccf,271,#FF7AFF
SSp-un6b,allen_ccf,182305713,#188064
TEa,allen_ccf,541,#15B0B3
SCO,allen_ccf,599626923,#FF7AFF
VISpl6b,allen_ccf,393,#08858C
SUB,allen_ccf,502,#4FC244
MT,allen_ccf,58,#FF90FF
LP,allen_ccf,218,#FF909F
PVpo,allen_ccf,133,#FF5547
CH,allen_ccf,567,#B0F0FF
BMAp,allen_ccf,334,#84EA81
sctd,allen_ccf,553,#CCCCCC
AV,allen_ccf,255,#FF909F
SSp-ul6a,allen_ccf,945,#188064
AIv6b,allen_ccf,699,#219866
SUT,allen_ccf,534,#FFBA86
VII,allen_ccf,661,#FFB3D9
cpd,allen_ccf,924,#CCCCCC
VLPO,allen_ccf,689,#FF5547
SCzo,allen_ccf,834,#FF7AFF
AId,allen_ccf,104,#219866
MB,allen_ccf,313,#FF64FF
DMH,allen_ccf,830,#FF5547
VISl1,allen_ccf,421,#08858C
VISrl5,allen_ccf,312782616,#009FAC
VISli6b,allen_ccf,312782598,#08858C
SSp-n4,allen_ccf,654,#188064
SSp-un5,allen_ccf,182305705,#188064
ACAv,allen_ccf,48,#40A666
PSV,allen_ccf,7,#FFAE6F
PRE,allen_ccf,1084,#59B947
AIp1,allen_ccf,120,#219866
VISpor5,allen_ccf,312782644,#08858C
RPO,allen_ccf,238,#FFC395
ENTl3,allen_ccf,52,#32B825
AUDp6b,allen_ccf,1005,#019399
ACAd6a,allen_ccf,919,#40A666
RSP,allen_ccf,254,#1AA698
AId,allen_ccf,104,#219866
ENTm3,allen_ccf,664,#32B825
VISrl6b,allen_ccf,312782624,#009FAC
AUDp,allen_ccf,1002,#019399
LRNm,allen_ccf,955,#FFB3D9
MBsen,allen_ccf,339,#FF7AFF
III,allen_ccf,35,#FF90FF
VISpor1,allen_ccf,312782632,#08858C
SSp-ul,allen_ccf,369,#188064
AIp5,allen_ccf,344,#219866
SSp-un1,allen_ccf,182305693,#188064
VL,allen_ccf,81,#AAAAAA
mfb,allen_ccf,54,#CCCCCC
ts,allen_ccf,237,#CCCCCC
VISl5,allen_ccf,613,#08858C
CTXsp,allen_ccf,703,#8ADA87
VISrl1,allen_ccf,312782604,#009FAC
CEA,allen_ccf,536,#80C0E2
DTN,allen_ccf,880,#FFBA86
sup,allen_ccf,349,#CCCCCC
ORBvl6a,allen_ccf,608,#248A5E
AUDpo6a,allen_ccf,249,#019399
stc,allen_ccf,484682528,#CCCCCC
ar,allen_ccf,484682524,#CCCCCC
MSC,allen_ccf,904,#96A7D3
ILA6a,allen_ccf,1054,#59B363
ADP,allen_ccf,72,#FF5547
cm,allen_ccf,967,#CCCCCC
MPO,allen_ccf,523,#FF5547
VISp6a,allen_ccf,33,#08858C
scwm,allen_ccf,484682512,#CCCCCC
sctv,allen_ccf,866,#CCCCCC
PL2,allen_ccf,195,#2FA850
MPN,allen_ccf,515,#FF4C3E
AD,allen_ccf,64,#FF909F
MEPO,allen_ccf,452,#FF5547
PARN,allen_ccf,852,#FFB3D9
CL,allen_ccf,575,#FF909F
LC,allen_ccf,147,#FFC395
AOBmi,allen_ccf,204,#9DF0D2
MG,allen_ccf,475,#FF8084
AUDv6a,allen_ccf,520,#019399
LT,allen_ccf,66,#FF90FF
lotd,allen_ccf,538,#CCCCCC
ORBm6a,allen_ccf,910,#248A5E
TRS,allen_ccf,581,#96A7D3
mp,allen_ccf,673,#CCCCCC
AIv,allen_ccf,119,#219866
AIp,allen_ccf,111,#219866
SLD,allen_ccf,358,#FFC395
VeCB,allen_ccf,589508455,#FFFDBC
cic,allen_ccf,633,#CCCCCC
VISl4,allen_ccf,573,#08858C
TR,allen_ccf,566,#A8ECD3
ASO,allen_ccf,332,#FF5D50
VISl,allen_ccf,409,#08858C
VM,allen_ccf,685,#FF8084
AUDd,allen_ccf,1011,#019399
SSp-n1,allen_ccf,558,#188064
NTS,allen_ccf,651,#FFA5D2
gVIIn,allen_ccf,1116,#CCCCCC
GPe,allen_ccf,1022,#8599CC
PERI6a,allen_ccf,335,#0E9684
PL6a,allen_ccf,84,#2FA850
AIp6a,allen_ccf,314,#219866
RSPagl,allen_ccf,894,#1AA698
VIIIn,allen_ccf,933,#CCCCCC
AId1,allen_ccf,996,#219866
RSPd1,allen_ccf,442,#1AA698
PHY,allen_ccf,154,#FFB3D9
ENTm2,allen_ccf,543,#32B825
VISrl6a,allen_ccf,312782620,#009FAC
P-mot,allen_ccf,987,#FFBA86
MEZ,allen_ccf,467,#FF4C3E
VPL,allen_ccf,718,#FF8084
DMX,allen_ccf,839,#FFB3D9
ORBvl1,allen_ccf,969,#248A5E
ECT1,allen_ccf,836,#0D9F91
VISa1,allen_ccf,312782550,#009FAC
ORBvl6b,allen_ccf,680,#248A5E
AUDpo6b,allen_ccf,456,#019399
NI,allen_ccf,604,#FFC395
LA,allen_ccf,131,#90EB8D
VISpm4,allen_ccf,501,#08858C
AUDv5,allen_ccf,1023,#019399
ME,allen_ccf,10671,#F2483B
ILA6b,allen_ccf,1081,#59B363
CN,allen_ccf,607,#FFA5D2
AQ,allen_ccf,140,#AAAAAA
VISp6b,allen_ccf,305,#08858C
VPLpc,allen_ccf,725,#FF8084
BMAa,allen_ccf,327,#84EA81
AP,allen_ccf,207,#FFA5D2
VISpm5,allen_ccf,565,#08858C
MD,allen_ccf,362,#FF909F
AUDv4,allen_ccf,990,#019399
AUDv6b,allen_ccf,598,#019399
VISpl1,allen_ccf,750,#08858C
"CUL4, 5",allen_ccf,1091,#FFFC91
MS,allen_ccf,564,#96A7D3
lotg,allen_ccf,21,#CCCCCC
ORBm6b,allen_ccf,527696977,#248A5E
Su3,allen_ccf,614454277,#FF90FF
vVIIIn,allen_ccf,413,#CCCCCC
SCH,allen_ccf,286,#FF5547
ACAd1,allen_ccf,935,#40A666
MGd,allen_ccf,1072,#FF8084
Vn,allen_ccf,901,#CCCCCC
ARH,allen_ccf,223,#FF5D50
SSp-tr,allen_ccf,361,#188064
SMT,allen_ccf,366,#FF909F
VPM,allen_ccf,733,#FF8084
SSp-ll,allen_ccf,337,#188064
IPI,allen_ccf,607344850,#FFA6FF
PERI,allen_ccf,922,#0E9684
SPVC,allen_ccf,429,#FFA5D2
mfsbshy,allen_ccf,824,#CCCCCC
PRC,allen_ccf,50,#FF90FF
MOp1,allen_ccf,320,#1F9D5A
PERI6b,allen_ccf,368,#0E9684
GRN,allen_ccf,1048,#FFB3D9
PRT,allen_ccf,1100,#FF90FF
PL6b,allen_ccf,132,#2FA850
AIp6b,allen_ccf,355,#219866
SSp-un,allen_ccf,182305689,#188064
EPd,allen_ccf,952,#A0EE9D
eps,allen_ccf,1000,#CCCCCC
ENTl5,allen_ccf,139,#32B825
ENTm1,allen_ccf,526,#32B825
RSPv6a,allen_ccf,590,#1AA698
EPI,allen_ccf,958,#FF909F
UVU,allen_ccf,957,#FFFC91
mfbsma,allen_ccf,46,#CCCCCC
NLL,allen_ccf,612,#FFAE6F
BLA,allen_ccf,295,#9DE79C
SSp-ll4,allen_ccf,1094,#188064
PGRNl,allen_ccf,978,#FFB3D9
MOs6b,allen_ccf,1085,#1F9D5A
FRP,allen_ccf,184,#268F45
MEV,allen_ccf,460,#FF7AFF
SSp-bfd4,allen_ccf,1047,#188064
MEA,allen_ccf,403,#80C0E2
VISC5,allen_ccf,1058,#11AD83
csc,allen_ccf,336,#CCCCCC
LZ,allen_ccf,290,#F2483B
NR,allen_ccf,177,#FFB3D9
cst,allen_ccf,784,#CCCCCC
LM,allen_ccf,210,#FF4C3E
OV,allen_ccf,763,#FF5547
P,allen_ccf,771,#FF9B88
CB,allen_ccf,512,#F0F080
CU,allen_ccf,711,#FFA5D2
SSs6a,allen_ccf,862,#188064
sAMY,allen_ccf,278,#80C0E2
cc,allen_ccf,776,#CCCCCC
LGd-co,allen_ccf,496345668,#FF8084
SSp-tr1,allen_ccf,1006,#188064
tspd,allen_ccf,1051,#CCCCCC
ll,allen_ccf,658,#CCCCCC
MH,allen_ccf,483,#FF909F
ND,allen_ccf,587,#FF90FF
Xi,allen_ccf,560581559,#FF909F
VISC4,allen_ccf,1010,#11AD83
SCs,allen_ccf,302,#FF7AFF
VISal,allen_ccf,402,#08858C
opt,allen_ccf,125,#CCCCCC
fxpo,allen_ccf,737,#CCCCCC
ORBm2,allen_ccf,524,#248A5E
V4,allen_ccf,145,#AAAAAA
SSp-bfd5,allen_ccf,1070,#188064
SNc,allen_ccf,374,#FFA6FF
IPR,allen_ccf,607344834,#FFA6FF
SPVO,allen_ccf,445,#FFA5D2
lot,allen_ccf,665,#CCCCCC
COPY,allen_ccf,1033,#FFFC91
MOs1,allen_ccf,656,#1F9D5A
SSp-ll5,allen_ccf,1128,#188064
PeF,allen_ccf,576073704,#F2483B
PIR,allen_ccf,961,#6ACBBA
IGL,allen_ccf,27,#FF909F
RSPv6b,allen_ccf,622,#1AA698
VISal4,allen_ccf,1114,#08858C
AUDpo4,allen_ccf,759,#019399
NOT,allen_ccf,628,#FF90FF
PRM,allen_ccf,1025,#FFFC91
TEa4,allen_ccf,234,#15B0B3
MOs6a,allen_ccf,1021,#1F9D5A
SSp-ul5,allen_ccf,625,#188064
MARN,allen_ccf,307,#FFB3D9
TH,allen_ccf,549,#FF7080
APN,allen_ccf,215,#FF90FF
PDTg,allen_ccf,599626927,#FFBA86
VISli5,allen_ccf,312782590,#08858C
VISpor,allen_ccf,312782628,#08858C
ECT,allen_ccf,895,#0D9F91
CA,allen_ccf,375,#7ED04B
MPT,allen_ccf,531,#FF90FF
SSs5,allen_ccf,1090,#188064
SSs6b,allen_ccf,893,#188064
AI,allen_ccf,95,#219866
BS,allen_ccf,343,#FF7080
MY-mot,allen_ccf,370,#FFB3D9
SSs4,allen_ccf,1035,#188064
GENd,allen_ccf,1008,#FF8084
hbc,allen_ccf,611,#CCCCCC
STN,allen_ccf,470,#F2483B
OT,allen_ccf,754,#80CDF8
scp,allen_ccf,326,#CCCCCC
VISli4,allen_ccf,312782586,#08858C
TEa,allen_ccf,541,#15B0B3
SCop,allen_ccf,851,#FF7AFF
IRN,allen_ccf,136,#FFB3D9
SSp-ul4,allen_ccf,577,#188064
SSp-m1,allen_ccf,878,#188064
GPi,allen_ccf,1031,#8599CC
TEa5,allen_ccf,289,#15B0B3
SSp-tr,allen_ccf,361,#188064
FRP1,allen_ccf,68,#268F45
GU,allen_ccf,1057,#009C75
AUDpo5,allen_ccf,791,#019399
VISal5,allen_ccf,233,#08858C
RPF,allen_ccf,549009203,#FF90FF
mfbs,allen_ccf,991,#CCCCCC
VISam1,allen_ccf,281,#08858C
VISam5,allen_ccf,433,#08858C
VISal1,allen_ccf,1074,#08858C
SSp-n6b,allen_ccf,929,#188064
AUDpo1,allen_ccf,696,#019399
FRP5,allen_ccf,526157192,#268F45
SBPV,allen_ccf,347,#FF5547
TEa1,allen_ccf,97,#15B0B3
DORpm,allen_ccf,856,#FF909F
dscp,allen_ccf,812,#CCCCCC
P-sen,allen_ccf,1132,#FFAE6F
VISli,allen_ccf,312782574,#08858C
RSPagl6b,allen_ccf,279,#1AA698
ISN,allen_ccf,106,#FFB3D9
SSp-m5,allen_ccf,974,#188064
VISC6a,allen_ccf,857,#11AD83
TM,allen_ccf,557,#FF4C3E
V3,allen_ccf,129,#AAAAAA
TEa6b,allen_ccf,786,#15B0B3
Xn,allen_ccf,917,#CCCCCC
VISam,allen_ccf,394,#08858C
DCN,allen_ccf,720,#FFA5D2
OP,allen_ccf,706,#FF90FF
MO,allen_ccf,500,#1F9D5A
VIS,allen_ccf,669,#08858C
CS,allen_ccf,679,#FFC395
SOCm,allen_ccf,105,#FFAE6F
V,allen_ccf,621,#FFBA86
MRN,allen_ccf,128,#FF90FF
tspc,allen_ccf,1043,#CCCCCC
SSs1,allen_ccf,873,#188064
BA,allen_ccf,292,#80C0E2
SOCl,allen_ccf,114,#FFAE6F
AM,allen_ccf,127,#FF909F
SSp-bfd6a,allen_ccf,1038,#188064
GENv,allen_ccf,1014,#FF909F
MY,allen_ccf,354,#FF9BCD
NB,allen_ccf,580,#FF7AFF
PVHd,allen_ccf,63,#FF4C3E
VISli1,allen_ccf,312782578,#08858C
VISal,allen_ccf,402,#08858C
DCO,allen_ccf,96,#FFA5D2
PSTN,allen_ccf,364,#F2483B
arb,allen_ccf,728,#CCCCCC
VISal6b,allen_ccf,649,#08858C
VS,allen_ccf,73,#AAAAAA
SNr,allen_ccf,381,#FF90FF
sptV,allen_ccf,794,#CCCCCC
SSp-ul1,allen_ccf,450,#188064
SSp-m4,allen_ccf,950,#188064
SPVI,allen_ccf,437,#FFA5D2
IPC,allen_ccf,607344838,#FFA6FF
SSp-tr6a,allen_ccf,9,#188064
VISa6b,allen_ccf,312782570,#009FAC
PFL,allen_ccf,1041,#FFFC91
VISam4,allen_ccf,401,#08858C
MOp,allen_ccf,985,#1F9D5A
ORBvl,allen_ccf,746,#248A5E
mfbc,allen_ccf,768,#CCCCCC
RPA,allen_ccf,230,#FFC6E2
SSp-n6a,allen_ccf,889,#188064
LRNp,allen_ccf,963,#FFB3D9
MBmot,allen_ccf,323,#FF90FF
RHP,allen_ccf,822,#32B825
SSp-ll1,allen_ccf,1030,#188064
PPT,allen_ccf,1061,#FF90FF
MOs5,allen_ccf,767,#1F9D5A
LING,allen_ccf,912,#FFFC91
RSPagl6a,allen_ccf,906,#1AA698
IPA,allen_ccf,607344842,#FFA6FF
VISC6b,allen_ccf,849,#11AD83
BAC,allen_ccf,287,#B3C0DF
SSp-bfd1,allen_ccf,981,#188064
MED,allen_ccf,444,#FF909F
VISli,allen_ccf,312782574,#08858C
SOC,allen_ccf,398,#FFAE6F
TEa6a,allen_ccf,729,#15B0B3
SSp-n,allen_ccf,353,#188064
ml,allen_ccf,697,#CCCCCC
SUM,allen_ccf,525,#FF4C3E
AHN,allen_ccf,88,#FF4C3E
LH,allen_ccf,186,#FF909F
dtd,allen_ccf,1060,#CCCCCC
vhc,allen_ccf,449,#CCCCCC
CP,allen_ccf,672,#98D6F9
B,allen_ccf,280,#FFBA86
SSp-tr5,allen_ccf,1111,#188064
XII,allen_ccf,773,#FFB3D9
SSp-tr4,allen_ccf,1086,#188064
c,allen_ccf,164,#AAAAAA
SSp-bfd6b,allen_ccf,1062,#188064
AN,allen_ccf,1017,#FFFC91
or,allen_ccf,484682520,#CCCCCC
TRN,allen_ccf,574,#FFBA86
MM,allen_ccf,491,#FF4C3E
VISC1,allen_ccf,897,#11AD83
das,allen_ccf,506,#CCCCCC
fxs,allen_ccf,1099,#CCCCCC
VISal6a,allen_ccf,601,#08858C
MGm,allen_ccf,1088,#FF8084
VP,allen_ccf,709,#FF8084
SSp-tr6b,allen_ccf,461,#188064
BMA,allen_ccf,319,#84EA81
VISa6a,allen_ccf,312782566,#009FAC
NOD,allen_ccf,968,#FFFC91
RSPagl,allen_ccf,894,#1AA698
VISC,allen_ccf,677,#11AD83
PAL,allen_ccf,803,#8599CC
LSX,allen_ccf,275,#90CBED
root,allen_ccf,997,#FFFFFF
P-sat,allen_ccf,1117,#FFC395
PVR,allen_ccf,141,#FF5547
MDRNd,allen_ccf,1098,#FFB3D9
ECT6a,allen_ccf,977,#0D9F91
IPDL,allen_ccf,607344858,#FFA6FF
RH,allen_ccf,189,#FF909F
moV,allen_ccf,93,#CCCCCC
CA3,allen_ccf,463,#7ED04B
SGN,allen_ccf,325,#FF909F
IB,allen_ccf,1129,#FF7080
AMd,allen_ccf,1096,#FF909F
GU6b,allen_ccf,662,#009C75
STRv,allen_ccf,493,#80CDF8
DR,allen_ccf,872,#FFA6FF
aco,allen_ccf,900,#CCCCCC
FL,allen_ccf,1049,#FFFC91
EW,allen_ccf,975,#FF90FF
ILA1,allen_ccf,707,#59B363
MOp6b,allen_ccf,882,#1F9D5A
ILA2,allen_ccf,747,#59B363
VMH,allen_ccf,693,#FF4C3E
I5,allen_ccf,549009227,#FFBA86
alv,allen_ccf,466,#CCCCCC
drt,allen_ccf,792,#CCCCCC
SPF,allen_ccf,406,#FF8084
IC,allen_ccf,4,#FF7AFF
grey,allen_ccf,8,#BFDAE3
CA2,allen_ccf,423,#7ED04B
ORBl1,allen_ccf,448,#248A5E
SCig,allen_ccf,10,#FF90FF
ORBm5,allen_ccf,620,#248A5E
HPF,allen_ccf,1089,#7ED04B
PALd,allen_ccf,818,#8599CC
VISpor6a,allen_ccf,312782648,#08858C
AId6b,allen_ccf,831,#219866
sm,allen_ccf,802,#CCCCCC
mct,allen_ccf,428,#CCCCCC
SCdw,allen_ccf,42,#FF90FF
IPDM,allen_ccf,607344854,#FFA6FF
PA,allen_ccf,780,#97EC93
ACAv6a,allen_ccf,810,#40A666
PRNr,allen_ccf,146,#FFC395
SSp-ll6a,allen_ccf,478,#188064
icp,allen_ccf,1123,#CCCCCC
IAM,allen_ccf,1120,#FF909F
bsc,allen_ccf,916,#CCCCCC
DG-po,allen_ccf,10704,#7ED04B
ICe,allen_ccf,828,#FF7AFF
BST,allen_ccf,351,#B3C0DF
PCG,allen_ccf,898,#FFBA86
ORBl,allen_ccf,723,#248A5E
GU1,allen_ccf,36,#009C75
fiber tracts,allen_ccf,1009,#CCCCCC
RSPd,allen_ccf,879,#1AA698
ECT6b,allen_ccf,1045,#0D9F91
VISl,allen_ccf,409,#08858C
pc,allen_ccf,158,#CCCCCC
CLA,allen_ccf,583,#8ADA87
CEAm,allen_ccf,559,#80C0E2
SO,allen_ccf,390,#FF5D50
P5,allen_ccf,549009215,#FFBA86
PT,allen_ccf,15,#FF909F
HATA,allen_ccf,589508447,#33B932
MOB,allen_ccf,507,#9AD2BD
IA,allen_ccf,1105,#80C0E2
AUDpo,allen_ccf,1027,#019399
IV,allen_ccf,115,#FF90FF
GU6a,allen_ccf,638,#009C75
VISp4,allen_ccf,721,#08858C
df,allen_ccf,530,#CCCCCC
FN,allen_ccf,989,#FFFDBC
DP,allen_ccf,814,#A4DAA4
MOp6a,allen_ccf,844,#1F9D5A
DG,allen_ccf,726,#7ED04B
AOBgr,allen_ccf,196,#95E4C8
ec,allen_ccf,579,#CCCCCC
fx,allen_ccf,436,#CCCCCC
HIP,allen_ccf,1080,#7ED04B
VISp5,allen_ccf,778,#08858C
AON,allen_ccf,159,#54BF94
IntG,allen_ccf,563807439,#FF909F
CENT,allen_ccf,920,#FFFC91
CA1,allen_ccf,382,#7ED04B
AId6a,allen_ccf,783,#219866
VISpor6b,allen_ccf,312782652,#08858C
CEAl,allen_ccf,551,#80C0E2
PB,allen_ccf,867,#FFAE6F
NPC,allen_ccf,634,#FF90FF
PVp,allen_ccf,126,#FF5547
ORBm,allen_ccf,731,#248A5E
ACAv6b,allen_ccf,819,#40A666
SSp-ll6b,allen_ccf,510,#188064
INC,allen_ccf,67,#FF90FF
COAp,allen_ccf,647,#61E7B7
int,allen_ccf,6,#CCCCCC
ICd,allen_ccf,820,#FF7AFF
POR,allen_ccf,122,#FFAE6F
VISpm,allen_ccf,533,#08858C
NDB,allen_ccf,596,#96A7D3
epsc,allen_ccf,760,#CCCCCC
PVT,allen_ccf,149,#FF909F
GU4,allen_ccf,148,#009C75
chpl,allen_ccf,108,#AAAAAA
RSPv,allen_ccf,886,#1AA698
RAmb,allen_ccf,165,#FFA6FF
RN,allen_ccf,214,#FF90FF
SCdg,allen_ccf,26,#FF90FF
AUD,allen_ccf,247,#019399
lfbst,allen_ccf,896,#CCCCCC
PF,allen_ccf,930,#FF909F
PALc,allen_ccf,809,#B3C0DF
MOp,allen_ccf,985,#1F9D5A
CBX,allen_ccf,528,#F0F080
SCiw,allen_ccf,17,#FF90FF
VISp1,allen_ccf,593,#08858C
SPA,allen_ccf,609,#FF8084
VNC,allen_ccf,701,#FFB3D9
AMB,allen_ccf,135,#FFB3D9
cuf,allen_ccf,380,#CCCCCC
VAL,allen_ccf,629,#FF8084
EP,allen_ccf,942,#A0EE9D
DT,allen_ccf,75,#FF90FF
AAA,allen_ccf,23,#80C0E2
dc,allen_ccf,514,#CCCCCC
NLOT,allen_ccf,619,#95E4C8
amc,allen_ccf,884,#CCCCCC
SSp-m6b,allen_ccf,2,#188064
CBN,allen_ccf,519,#F0F080
AUDd6b,allen_ccf,243,#019399
PG,allen_ccf,931,#FFBA86
FRP,allen_ccf,184,#268F45
IIIn,allen_ccf,832,#CCCCCC
PP,allen_ccf,1044,#FF8084
RO,allen_ccf,222,#FFC6E2
VISam6a,allen_ccf,1046,#08858C
GU5,allen_ccf,187,#009C75
PBG,allen_ccf,874,#FF7AFF
SSp-m,allen_ccf,345,#188064
PRNc,allen_ccf,1093,#FFBA86
PC5,allen_ccf,549009223,#FFBA86
SPFp,allen_ccf,422,#FF8084
DG-sg,allen_ccf,632,#66A83D
ICc,allen_ccf,811,#FF7AFF
PERI,allen_ccf,922,#0E9684
LRN,allen_ccf,235,#FFB3D9
MDRNv,allen_ccf,1107,#FFB3D9
LDT,allen_ccf,162,#FFC395
SI,allen_ccf,342,#A2B1D8
PR,allen_ccf,1077,#FF909F
VTN,allen_ccf,757,#FF90FF
RM,allen_ccf,206,#FFC6E2
mcp,allen_ccf,78,#CCCCCC
ORBm1,allen_ccf,484,#248A5E
SFO,allen_ccf,338,#FF5547
ORBl5,allen_ccf,630,#248A5E
MMl,allen_ccf,606826647,#FF4C3E
MOs,allen_ccf,993,#1F9D5A
COApl,allen_ccf,655,#61E7B7
mfbse,allen_ccf,1083,#CCCCCC
VISa,allen_ccf,312782546,#009FAC
VISrl,allen_ccf,417,#009FAC
AMv,allen_ccf,1104,#FF909F
IP,allen_ccf,91,#FFFDBC
hc,allen_ccf,618,#CCCCCC
IG,allen_ccf,19,#7ED04B
ILA5,allen_ccf,827,#59B363
STRd,allen_ccf,485,#98D6F9
MTN,allen_ccf,571,#FF909F
SSp-ll,allen_ccf,337,#188064
ee,allen_ccf,964,#CCCCCC
V4r,allen_ccf,153,#AAAAAA
fi,allen_ccf,603,#CCCCCC
ORBvl,allen_ccf,746,#248A5E
IF,allen_ccf,12,#FFA6FF
HB,allen_ccf,1065,#FF9B88
COApm,allen_ccf,663,#61E7B7
MMm,allen_ccf,606826651,#FF4C3E
PALv,allen_ccf,835,#A2B1D8
SSp-m6a,allen_ccf,1102,#188064
PD,allen_ccf,914,#FF5547
AUDd6a,allen_ccf,156,#019399
RL,allen_ccf,197,#FFA6FF
PS,allen_ccf,1109,#FF5547
SH,allen_ccf,333,#90CBED
LHA,allen_ccf,194,#F2483B
VISam6b,allen_ccf,441,#08858C
MMme,allen_ccf,732,#FF4C3E
PVa,allen_ccf,30,#FF5D50
SSp-n,allen_ccf,353,#188064
MDRN,allen_ccf,395,#FFB3D9
ILM,allen_ccf,51,#FF909F
COAa,allen_ccf,639,#61E7B7
ProS,allen_ccf,484682470,#58BA48
PoT,allen_ccf,563807435,#FF8084
ICB,allen_ccf,372,#FFB3D9
